Sample_Id,A1CF,A2M,A4GALT,A4GNT,AAAS,AACS,AADAC,AAK1,AAMP,AANAT,AARS1,AASDHPPT,AASS,GPER1,GPHN,GPKOW,race,ethnicity,study_accession,vaccine,gender
SUB205386.1529_0_Days_BS1028555,2.553897104,3.460001739,4.740872558,2.201376086,7.459084941,6.88846104,0.493148471,8.917765375,9.05679478,4.788984016,8.274706862,8.67538389,2.828453713,5.059991933,4.249147852,8.530077479,Black or African American,Not Hispanic or Latino,SDY1529,YF17D,Male
SUB205387.1529_0_Days_BS1028395,4.087285265,3.400527147,3.640164791,2.250879331,6.708365285,6.568353161,2.847020252,9.265293213,9.215522175,4.158661686,8.097547021,7.906114232,3.017142782,5.688654614,4.821035059,8.190638106,Black or African American,Not Hispanic or Latino,SDY1529,YF17D,Male
SUB205388.1529_0_Days_BS1028390,2.037384101,4.322054301,3.885072944,5.309602861,8.720548801,4.888066655,2.216660884,9.203780724,8.834765669,4.376283321,8.497382791,8.359131834,2.411298538,3.288475571,5.627942691,7.783344524,Black or African American,Not Hispanic or Latino,SDY1529,YF17E,Female
SUB205389.1529_0_Days_BS1028540,2.044384368,3.850935153,3.774102516,3.259289203,8.970553966,5.893977466,1.538425513,9.032423554,8.672262878,4.858664123,7.844948701,8.389151126,3.773241749,4.549219636,5.67795864,8.021254796,Black or African American,Not Hispanic or Latino,SDY1529,YF17D,Male
SUB205390.1529_0_Days_BS1028445,2.841622645,3.67937805,3.995218478,4.014449009,7.333992376,5.846267126,1.705350667,9.245160136,8.776535883,4.535751542,8.347458553,8.323399929,3.457866418,3.973238185,6.101657545,7.702645313,Black or African American,Not Hispanic or Latino,SDY1529,YF17D,Male
SUB205391.1529_0_Days_BS1028415,4.863801326,3.854191152,4.013914026,3.271600714,7.860155863,5.93042743,3.305507221,8.745660351,8.572020446,4.468123387,8.524672068,8.294787255,4.787882716,4.890186857,4.149571757,9.150993097,Black or African American,Not Hispanic or Latino,SDY1529,YF17F,Male
SUB205392.1529_0_Days_BS1028480,5.723138364,3.70146049,4.158899297,3.624680386,7.678098456,5.993327803,2.179481719,7.67756417,9.496414837,4.639887958,8.434348955,7.123061368,4.360841046,6.231424544,4.485359808,8.193945637,Black or African American,Not Hispanic or Latino,SDY1529,YF17D,Male
SUB205393.1529_0_Days_BS1028400,2.093660404,3.623155848,4.593420998,3.834157221,7.5050145,6.015548275,3.886042779,9.592143197,8.894775208,4.72509473,8.183830289,7.816732255,2.586073475,6.682894303,7.303571839,8.552361102,Black or African American,Not Hispanic or Latino,SDY1529,YF17E,Male
